Date,Name,Year,Letterboxd URI,Rating,Rewatch,Tags,Watched Date
2026-01-27,My Neighbor Totoro,1988,https://boxd.it/cQAwdR,3.5,,,2024-04-07
2026-01-27,Die Hard,1988,https://boxd.it/cQAwe1,4,,,2024-04-07
2026-01-27,Raiders of the Lost Ark,1981,https://boxd.it/cQAwmT,4,,,2024-04-07
2026-01-27,The Intouchables,2011,https://boxd.it/cQAwnd,3.5,,,2024-04-07
2026-01-27,The Lion King,1994,https://boxd.it/cQAwnH,4,,,2024-04-07
2026-01-27,Spectre,2015,https://boxd.it/cQAwo1,3.5,,,2024-04-07
2026-01-27,The Martian,2015,https://boxd.it/cQAwob,3,,,2024-04-07
2026-01-27,Finding Nemo,2003,https://boxd.it/cQAwol,3.5,,,2024-04-07
2026-01-27,Life Is Beautiful,1997,https://boxd.it/cQAwov,4.5,,,2024-04-07
2026-01-27,The Empire Strikes Back,1980,https://boxd.it/cQAwoP,4.5,,,2024-04-07
2026-01-27,WALL·E,2008,https://boxd.it/cQAwoZ,4,,,2024-04-07
2026-01-27,Avengers: Age of Ultron,2015,https://boxd.it/cQAwpj,3,,,2024-04-07
2026-01-27,Spirited Away,2001,https://boxd.it/cQAwpt,4,,,2024-04-07
2026-01-27,Princess Mononoke,1997,https://boxd.it/cQAwpD,4,,,2024-04-07
2026-01-27,Everything Everywhere All at Once,2022,https://boxd.it/cQAwpN,4,,,2024-04-07
2026-01-27,BlacKkKlansman,2018,https://boxd.it/cQAwpX,4,,,2024-04-07
2026-01-27,Bird Box,2018,https://boxd.it/cQAwq7,3,,,2024-04-07
2026-01-27,The Social Network,2010,https://boxd.it/cQAwqr,3.5,,,2024-04-07
2026-01-27,A Quiet Place,2018,https://boxd.it/cQAwqB,3.5,,,2024-04-07
2026-01-27,No Time to Die,2021,https://boxd.it/cQAwqL,3.5,,,2024-04-07
2026-01-27,Rogue One: A Star Wars Story,2016,https://boxd.it/cQAwr5,4,,,2024-04-07
2026-01-27,Parasite,2019,https://boxd.it/cQAwrp,4,,,2024-04-07
2026-01-27,Sherlock Holmes,2009,https://boxd.it/cQAwrz,4,,,2024-04-07
2026-01-27,The Guilty,2018,https://boxd.it/cQAwrJ,4,,,2024-04-07
2026-01-27,Another Round,2020,https://boxd.it/cQAwrT,4.5,,,2024-04-07
2026-01-27,Monty Python and the Holy Grail,1975,https://boxd.it/cQAwsd,4,,,2024-04-07
2026-01-27,Life of Brian,1979,https://boxd.it/cQAwsn,3.5,,,2024-04-07
2026-01-27,Dune,2021,https://boxd.it/cQAww5,4.5,,,2024-04-07
2026-01-27,Ocean's Eleven,2001,https://boxd.it/cQAwxx,4,,,2024-04-07
2026-01-27,American Sniper,2014,https://boxd.it/cQAwyb,4,,,2024-04-07
2026-01-27,Doctor Strange,2016,https://boxd.it/cQAwyP,3.5,,,2024-04-07
2026-01-27,Captain America: Civil War,2016,https://boxd.it/cQAwz9,3.5,,,2024-04-07
2026-01-27,The Imitation Game,2014,https://boxd.it/cQAwzD,4,,,2024-04-07
2026-01-27,Kingsman: The Secret Service,2014,https://boxd.it/cQAwAh,3.5,,,2024-04-07
2026-01-27,Doctor Strange in the Multiverse of Madness,2022,https://boxd.it/cQAwAr,3,,,2024-04-07
2026-01-27,Now You See Me,2013,https://boxd.it/cQAwAV,3.5,,,2024-04-07
2026-01-27,The Terminator,1984,https://boxd.it/cQAwBf,4,,,2024-04-07
2026-01-27,Iron Man,2008,https://boxd.it/cQAwBJ,4,,,2024-04-07
2026-01-27,Return of the Jedi,1983,https://boxd.it/cQAwCd,4,,,2024-04-07
2026-01-27,Pirates of the Caribbean: Dead Man's Chest,2006,https://boxd.it/cQAwCx,4,,,2024-04-07
2026-01-27,The Lord of the Rings: The Fellowship of the Ring,2001,https://boxd.it/cQAwCR,4.5,,,2024-04-07
2026-01-27,The Lord of the Rings: The Two Towers,2002,https://boxd.it/cQAwDb,4.5,,,2024-04-07
2026-01-27,V for Vendetta,2005,https://boxd.it/cQAwDv,4,,,2024-04-07
2026-01-27,Pirates of the Caribbean: The Curse of the Black Pearl,2003,https://boxd.it/cQAwDZ,4,,,2024-04-07
2026-01-27,The Avengers,2012,https://boxd.it/cQAwEt,3.5,,,2024-04-07
2026-01-27,Catch Me If You Can,2002,https://boxd.it/cQAwED,4,,,2024-04-07
2026-01-27,American Psycho,2000,https://boxd.it/cQAwEX,4,,,2024-04-07
2026-01-27,Pulp Fiction,1994,https://boxd.it/cQAwFh,4.5,,,2024-04-07
2026-01-27,The Lord of the Rings: The Return of the King,2003,https://boxd.it/cQAwFr,4.5,,,2024-04-07
2026-01-27,Spider-Man: No Way Home,2021,https://boxd.it/cQAwFL,3,,,2024-04-07
2026-01-27,Forrest Gump,1994,https://boxd.it/cQAwFV,4.5,,,2024-04-07
2026-01-27,Top Gun: Maverick,2022,https://boxd.it/cQAwG5,3.5,,,2024-04-07
2026-01-27,Avengers: Endgame,2019,https://boxd.it/cQAwV5,3,,,2024-04-07
2026-01-27,Saving Private Ryan,1998,https://boxd.it/cQAwVT,4.5,,,2024-04-07
2026-01-27,Fight Club,1999,https://boxd.it/cQAwW3,4.5,,,2024-04-07
2026-01-27,Joker,2019,https://boxd.it/cQAwWd,4,,,2024-04-07
2026-01-27,The Wolf of Wall Street,2013,https://boxd.it/cQAwWH,4,,,2024-04-07
2026-01-27,Batman Begins,2005,https://boxd.it/cQAwXl,4,,,2024-04-07
2026-01-27,The Dark Knight Rises,2012,https://boxd.it/cQAwXv,4,,,2024-04-07
2026-01-27,Interstellar,2014,https://boxd.it/cQAwXP,4.5,,,2024-04-07
2026-01-27,The Dark Knight,2008,https://boxd.it/cQAwYN,4,,,2024-04-07
2026-01-27,Inception,2010,https://boxd.it/cQAwZB,4,,,2024-04-07
2026-01-27,Tenet,2020,https://boxd.it/cQAx0z,4,,,2024-04-07
2026-01-27,"The French Dispatch of the Liberty, Kansas Evening Sun",2021,https://boxd.it/cQAx0J,3.5,,,2024-04-07
2026-01-27,2001: A Space Odyssey,1968,https://boxd.it/cQAx0T,4.5,,,2024-04-07
2026-01-27,Django Unchained,2012,https://boxd.it/cQAx13,4,,,2024-04-07
2026-01-27,Marriage Story,2019,https://boxd.it/cQAx1d,4,,,2024-04-07
2026-01-27,My Dinner with Andre,1981,https://boxd.it/cQAx1x,4.5,,,2024-04-07
2026-01-27,Blade Runner 2049,2017,https://boxd.it/cQAx2b,4,,,2024-04-07
2026-01-27,The Big Short,2015,https://boxd.it/cQAx2v,3.5,,,2024-04-07
2026-01-27,Testament of Orpheus,1960,https://boxd.it/cQAx2F,4,,,2024-04-07
2026-01-27,Dead Man,1995,https://boxd.it/cQAx2P,3.5,,,2024-04-07
2026-01-27,Guardians of the Galaxy,2014,https://boxd.it/cQAwcz,3.5,,,2024-04-08
2026-01-27,Gravity,2013,https://boxd.it/cQAwdd,3.5,,,2024-04-08
2026-01-27,Nightcrawler,2014,https://boxd.it/cQAwdH,4.5,,,2024-04-08
2026-01-27,Ant-Man,2015,https://boxd.it/cQAwbh,3.5,,,2024-04-09
2026-01-27,The Hobbit: An Unexpected Journey,2012,https://boxd.it/cQAwbr,4,,,2024-04-09
2026-01-27,Skyfall,2012,https://boxd.it/cQAwbL,4,,,2024-04-09
2026-01-27,Love Actually,2003,https://boxd.it/cQAwbV,3.5,,,2024-04-09
2026-01-27,Don't Look Up,2021,https://boxd.it/cQAwc5,3,,,2024-04-09
2026-01-27,Guardians of the Galaxy Vol. 2,2017,https://boxd.it/cQAwcf,3,,,2024-04-09
2026-01-27,Avatar,2009,https://boxd.it/cQAwcp,3,,,2024-04-09
2026-01-27,The Talented Mr. Ripley,1999,https://boxd.it/cQAwaX,4,,,2024-04-17
2026-01-27,Adam's Apples,2005,https://boxd.it/cQAwaN,4,,,2024-04-19
2026-01-27,The Curious Case of Benjamin Button,2008,https://boxd.it/cQAwaD,4,,,2024-04-22
2026-01-27,The Gentlemen,2019,https://boxd.it/cQAwaj,4,,,2024-05-20
2026-01-27,The Menu,2022,https://boxd.it/cQAw9Z,4,,,2024-05-29
2026-01-27,L.A. Confidential,1997,https://boxd.it/cQAw9P,4,,,2024-06-08
2026-01-27,Blue Velvet,1986,https://boxd.it/cQAw9F,4,,,2024-06-28
2026-01-27,Lost Highway,1997,https://boxd.it/cQAw9v,4.5,,,2024-07-10
2026-01-27,The Cider House Rules,1999,https://boxd.it/cQAw9l,3.5,,,2024-09-23
2026-01-27,21 Jump Street,2012,https://boxd.it/cQAw8H,4,,,2024-09-25
2026-01-27,Little Women,2019,https://boxd.it/cQAw8R,4,,,2024-09-25
2026-01-27,Barbie,2023,https://boxd.it/cQAw91,3,,,2024-09-25
2026-01-27,The Hangover Part II,2011,https://boxd.it/cQAvXp,3.5,,,2024-09-26
2026-01-27,Mr. & Mrs. Smith,2005,https://boxd.it/cQAvXz,3,,,2024-09-26
2026-01-27,Closer,2004,https://boxd.it/cQAw7f,3.5,,,2024-09-26
2026-01-27,The Shawshank Redemption,1994,https://boxd.it/cQAvWV,4,,,2024-09-28
2026-01-27,War Dogs,2016,https://boxd.it/cQAvWr,3.5,,,2024-10-02
2026-01-27,Incredibles 2,2018,https://boxd.it/cQAvU1,3.5,,,2024-10-03
2026-01-27,Bohemian Rhapsody,2018,https://boxd.it/cQAvUv,4,,,2024-10-03
2026-01-27,Tolkien,2019,https://boxd.it/cQAvUF,3.5,,,2024-10-03
2026-01-27,The Incredibles,2004,https://boxd.it/cQAvUZ,4,,,2024-10-03
2026-01-27,The Hunger Games,2012,https://boxd.it/cQAvVj,3.5,,,2024-10-03
2026-01-27,Spider-Man: Across the Spider-Verse,2023,https://boxd.it/cQAvVN,4,,,2024-10-03
2026-01-27,Taxi Driver,1976,https://boxd.it/cQAvW7,4.5,,,2024-10-03
2026-01-27,Zoolander,2001,https://boxd.it/cQAvTH,3.5,,,2024-10-09
2026-01-27,Ex Machina,2015,https://boxd.it/cQAvTn,3.5,,,2024-10-10
2026-01-27,Alice in Wonderland,2010,https://boxd.it/cQAvT3,4,,,2024-10-20
2026-01-27,Anna Karenina,2012,https://boxd.it/cQAvSz,3.5,,,2024-11-03
2026-01-27,Her,2013,https://boxd.it/cQAvS5,4,,,2024-11-04
2026-01-27,Stay,2005,https://boxd.it/cQAvRB,4,,,2024-11-07
2026-01-27,Blue Valentine,2010,https://boxd.it/cQAvR7,4,,,2024-11-10
2026-01-27,The Lobster,2015,https://boxd.it/cQAvQt,4,,,2024-11-11
2026-01-27,The Sixth Sense,1999,https://boxd.it/cQAvPP,4,,,2024-11-14
2026-01-27,Green Book,2018,https://boxd.it/cQAvNJ,4,,,2024-11-18
2026-01-27,Train to Busan,2016,https://boxd.it/cQAvOx,4,,,2024-11-18
2026-01-27,Bullet Train,2022,https://boxd.it/cQAvPb,4,,,2024-11-18
2026-01-27,The Nice Guys,2016,https://boxd.it/cQAvNf,4,,,2024-11-19
2026-01-27,What If,2013,https://boxd.it/cQAvzn,3.5,,,2024-11-20
2026-01-27,The Unbearable Weight of Massive Talent,2022,https://boxd.it/cQAvMr,4,,,2024-11-20
2026-01-27,Source Code,2011,https://boxd.it/cQAvyz,3.5,,,2024-11-21
2026-01-27,10 Things I Hate About You,1999,https://boxd.it/cQAvxL,4,,,2024-11-23
2026-01-27,Captain Fantastic,2016,https://boxd.it/cQAvy5,4,,,2024-11-23
2026-01-27,Asteroid City,2023,https://boxd.it/cQAvxh,4,,,2024-11-26
2026-01-27,The Life Aquatic with Steve Zissou,2004,https://boxd.it/cQAvxr,4,,,2024-11-26
2026-01-27,Triangle of Sadness,2022,https://boxd.it/cQAvwj,3.5,,,2024-12-02
2026-01-27,The Hitman's Bodyguard,2017,https://boxd.it/cQAvwD,3.5,,,2024-12-02
2026-01-27,Tower Heist,2011,https://boxd.it/cQAvwX,3.5,,,2024-12-02
2026-01-27,Shaun of the Dead,2004,https://boxd.it/cQAvuH,4,,,2024-12-07
2026-01-27,Hot Fuzz,2007,https://boxd.it/cQAvvb,4,,,2024-12-07
2026-01-27,The World's End,2013,https://boxd.it/cQAvvl,4,,,2024-12-07
2026-01-27,The Hangover,2009,https://boxd.it/cQAvvF,4,,,2024-12-07
2026-01-27,Kirikou and the Sorceress,1998,https://boxd.it/cQAvvZ,4,,,2024-12-07
2026-01-27,Guy Ritchie's The Covenant,2023,https://boxd.it/cQAvux,4,,,2024-12-09
2026-01-27,Lars and the Real Girl,2007,https://boxd.it/cQAvud,3.5,,,2024-12-10
2026-01-27,Swiss Army Man,2016,https://boxd.it/cQAvtJ,3.5,,,2024-12-16
2026-01-27,Tucker and Dale vs. Evil,2010,https://boxd.it/cQAvtp,3.5,,,2024-12-25
2026-01-27,Horton Hears a Who!,2008,https://boxd.it/cQAvjz,3.5,,,2024-12-29
2026-01-27,A Christmas Carol,2009,https://boxd.it/cQAvjT,3.5,,,2024-12-29
2026-01-27,Harry Potter and the Deathly Hallows: Part 2,2011,https://boxd.it/cQAvk3,3.5,,,2024-12-29
2026-01-27,Harry Potter and the Deathly Hallows: Part 1,2010,https://boxd.it/cQAvkd,3.5,,,2024-12-29
2026-01-27,Harry Potter and the Goblet of Fire,2005,https://boxd.it/cQAvkn,3.5,,,2024-12-29
2026-01-27,Harry Potter and the Prisoner of Azkaban,2004,https://boxd.it/cQAvkx,3.5,,,2024-12-29
2026-01-27,Harry Potter and the Half-Blood Prince,2009,https://boxd.it/cQAvpR,3.5,,,2024-12-29
2026-01-27,Harry Potter and the Order of the Phoenix,2007,https://boxd.it/cQAvqF,3.5,,,2024-12-29
2026-01-27,Harry Potter and the Chamber of Secrets,2002,https://boxd.it/cQAvqP,3.5,,,2024-12-29
2026-01-27,Harry Potter and the Philosopher's Stone,2001,https://boxd.it/cQAvrj,3.5,,,2024-12-29
2026-01-27,Charlie and the Chocolate Factory,2005,https://boxd.it/cQAvrD,4,,,2024-12-29
2026-01-27,Night at the Museum: Secret of the Tomb,2014,https://boxd.it/cQAvsh,3,,,2024-12-29
2026-01-27,Night at the Museum,2006,https://boxd.it/cQAvsV,3.5,,,2024-12-29
2026-01-27,Shrek,2001,https://boxd.it/cQAv9p,4,,,2024-12-30
2026-01-27,Kung Fu Panda,2008,https://boxd.it/cQAv9z,3.5,,,2024-12-30
2026-01-27,Kung Fu Panda 3,2016,https://boxd.it/cQAve5,3,,,2024-12-30
2026-01-27,Kung Fu Panda 2,2011,https://boxd.it/cQAvf3,3.5,,,2024-12-30
2026-01-27,How to Train Your Dragon,2010,https://boxd.it/cQAvfn,4,,,2024-12-30
2026-01-27,Toy Story,1995,https://boxd.it/cQAvfH,4,,,2024-12-30
2026-01-27,The Polar Express,2004,https://boxd.it/cQAvg1,3.5,,,2024-12-30
2026-01-27,Spider-Man,2002,https://boxd.it/cQAvgl,4,,,2024-12-30
2026-01-27,The Amazing Spider-Man 2,2014,https://boxd.it/cQAvgv,3,,,2024-12-30
2026-01-27,Spider-Man 2,2004,https://boxd.it/cQAvgP,3.5,,,2024-12-30
2026-01-27,Black Panther,2018,https://boxd.it/cQAvgZ,3.5,,,2024-12-30
2026-01-27,Captain America: The Winter Soldier,2014,https://boxd.it/cQAvh9,3.5,,,2024-12-30
2026-01-27,Thor,2011,https://boxd.it/cQAvht,3.5,,,2024-12-30
2026-01-27,The Amazing Spider-Man,2012,https://boxd.it/cQAvhD,3.5,,,2024-12-30
2026-01-27,Spider-Man: Far From Home,2019,https://boxd.it/cQAvhN,3.5,,,2024-12-30
2026-01-27,Jumanji: Welcome to the Jungle,2017,https://boxd.it/cQAvi7,3,,,2024-12-30
2026-01-27,Jumanji: The Next Level,2019,https://boxd.it/cQAvih,3,,,2024-12-30
2026-01-27,Fast & Furious Presents: Hobbs & Shaw,2019,https://boxd.it/cQAviB,3,,,2024-12-30
2026-01-27,San Andreas,2015,https://boxd.it/cQAviL,2.5,,,2024-12-30
2026-01-27,Jungle Cruise,2021,https://boxd.it/cQAvj5,3,,,2024-12-30
2026-01-27,Free Guy,2021,https://boxd.it/cQAvjf,3.5,,,2024-12-30
2026-01-27,The Fifth Element,1997,https://boxd.it/cQAv9f,4.5,,,2025-01-02
2026-01-27,Kingdom of the Planet of the Apes,2024,https://boxd.it/cQAv95,3,,,2025-01-07
2026-01-27,An American Werewolf in London,1981,https://boxd.it/cQAv7X,3.5,,,2025-01-12
2026-01-27,The Wolf's Call,2019,https://boxd.it/cQAv87,4,,,2025-01-12
2026-01-27,Argylle,2024,https://boxd.it/cQAv8h,3,,,2025-01-12
2026-01-27,Limitless,2011,https://boxd.it/cQAv8r,3.5,,,2025-01-12
2026-01-27,Oblivion,2013,https://boxd.it/cQAv8B,3.5,,,2025-01-12
2026-01-27,The Boat That Rocked,2009,https://boxd.it/cQAv8L,4,,,2025-01-12
2026-01-27,Four Weddings and a Funeral,1994,https://boxd.it/cQAv8V,4,,,2025-01-12
2026-01-27,The Pianist,2002,https://boxd.it/cQAv7N,4,,,2025-01-19
2026-01-27,Ford v Ferrari,2019,https://boxd.it/cQAv6b,4,,,2025-01-22
2026-01-27,"Monsters, Inc.",2001,https://boxd.it/cQAv6v,4,,,2025-01-22
2026-01-27,Jurassic Park,1993,https://boxd.it/cQAv6F,4,,,2025-01-22
2026-01-27,Indiana Jones and the Last Crusade,1989,https://boxd.it/cQAv6P,3.5,,,2025-01-22
2026-01-27,Up,2009,https://boxd.it/cQAv6Z,4,,,2025-01-22
2026-01-27,Toy Story 3,2010,https://boxd.it/cQAv79,3.5,,,2025-01-22
2026-01-27,Se7en,1995,https://boxd.it/cQAv7j,4.5,,,2025-01-22
2026-01-27,Solo: A Star Wars Story,2018,https://boxd.it/cQAuND,3,,,2025-01-27
2026-01-27,Star Wars: The Rise of Skywalker,2019,https://boxd.it/cQAuNN,3.5,,,2025-01-27
2026-01-27,Star Wars: The Last Jedi,2017,https://boxd.it/cQAuNX,3,,,2025-01-27
2026-01-27,Star Wars: The Force Awakens,2015,https://boxd.it/cQAuOh,3,,,2025-01-27
2026-01-27,Cars,2006,https://boxd.it/cQAuOr,4,,,2025-01-27
2026-01-27,X-Men: The Last Stand,2006,https://boxd.it/cQAuOL,3,,,2025-01-27
2026-01-27,Pacific Rim,2013,https://boxd.it/cQAuOV,4,,,2025-01-27
2026-01-27,X2,2003,https://boxd.it/cQAuP5,3.5,,,2025-01-27
2026-01-27,Wonder Woman,2017,https://boxd.it/cQAuPf,3.5,,,2025-01-27
2026-01-27,Ready Player One,2018,https://boxd.it/cQAuPp,3.5,,,2025-01-27
2026-01-27,Ant-Man and the Wasp,2018,https://boxd.it/cQAuPz,3,,,2025-01-27
2026-01-27,"I, Robot",2004,https://boxd.it/cQAuUz,3.5,,,2025-01-27
2026-01-27,The Hunger Games: Catching Fire,2013,https://boxd.it/cQAuVd,3.5,,,2025-01-27
2026-01-27,X-Men,2000,https://boxd.it/cQAuVx,3.5,,,2025-01-27
2026-01-27,Star Wars: Episode II – Attack of the Clones,2002,https://boxd.it/cQAuVR,3.5,,,2025-01-27
2026-01-27,X-Men Origins: Wolverine,2009,https://boxd.it/cQAuW1,3,,,2025-01-27
2026-01-27,Thor: The Dark World,2013,https://boxd.it/cQAuWb,3,,,2025-01-27
2026-01-27,Man of Steel,2013,https://boxd.it/cQAuWF,3.5,,,2025-01-27
2026-01-27,X-Men: Apocalypse,2016,https://boxd.it/cQAuWP,3,,,2025-01-27
2026-01-27,The Wolverine,2013,https://boxd.it/cQAuX9,3,,,2025-01-27
2026-01-27,Spider-Man 3,2007,https://boxd.it/cQAuXt,3,,,2025-01-27
2026-01-27,Captain America: The First Avenger,2011,https://boxd.it/cQAuXD,3.5,,,2025-01-27
2026-01-27,Fury,2014,https://boxd.it/cQAuXN,4,,,2025-01-27
2026-01-27,X-Men: First Class,2011,https://boxd.it/cQAuY7,3.5,,,2025-01-27
2026-01-27,Big Hero 6,2014,https://boxd.it/cQAuYh,3.5,,,2025-01-27
2026-01-27,In Time,2011,https://boxd.it/cQAuYr,3,,,2025-01-27
2026-01-27,Jurassic World,2015,https://boxd.it/cQAuYL,3,,,2025-01-27
2026-01-27,Men in Black II,2002,https://boxd.it/cQAuYV,3,,,2025-01-27
2026-01-27,X-Men: Days of Future Past,2014,https://boxd.it/cQAuZ5,3.5,,,2025-01-27
2026-01-27,The Maze Runner,2014,https://boxd.it/cQAuZf,3,,,2025-01-27
2026-01-27,Kingsman: The Golden Circle,2017,https://boxd.it/cQAuZz,3.5,,,2025-01-27
2026-01-27,Edge of Tomorrow,2014,https://boxd.it/cQAuZT,3.5,,,2025-01-27
2026-01-27,Ocean's Twelve,2004,https://boxd.it/cQAv0d,4,,,2025-01-27
2026-01-27,The Hobbit: The Desolation of Smaug,2013,https://boxd.it/cQAv0H,3.5,,,2025-01-27
2026-01-27,The Hobbit: The Battle of the Five Armies,2014,https://boxd.it/cQAv0R,3,,,2025-01-27
2026-01-27,Iron Man 3,2013,https://boxd.it/cQAv11,3,,,2025-01-27
2026-01-27,Men in Black,1997,https://boxd.it/cQAv4T,4,,,2025-01-27
2026-01-27,Iron Man 2,2010,https://boxd.it/cQAv5n,3.5,,,2025-01-27
2026-01-27,Pirates of the Caribbean: At World's End,2007,https://boxd.it/cQAv5x,4,,,2025-01-27
2026-01-27,Pirates of the Caribbean: On Stranger Tides,2011,https://boxd.it/cQAv5H,3,,,2025-01-27
2026-01-27,Now You See Me 2,2016,https://boxd.it/cQAv5R,3,,,2025-01-27
2026-01-27,Sherlock Holmes: A Game of Shadows,2011,https://boxd.it/cQAv61,4,,,2025-01-27
2026-01-27,Trainspotting,1996,https://boxd.it/cQAuNt,4,,,2025-01-28
2026-01-27,Scream,1996,https://boxd.it/cQAuNj,4,,,2025-02-02
2026-01-27,Ponyo,2008,https://boxd.it/cQAuMZ,4,,,2025-02-03
2026-01-27,Midsommar,2019,https://boxd.it/cQAuN9,4,,,2025-02-03
2026-01-27,The Suicide Squad,2021,https://boxd.it/cQAuMb,3,,,2025-02-04
2026-01-27,Wreck-It Ralph,2012,https://boxd.it/cQAuMl,3.5,,,2025-02-04
2026-01-27,Taken,2008,https://boxd.it/cQAuMv,4,,,2025-02-04
2026-01-27,Toy Story 2,1999,https://boxd.it/cQAuMF,3.5,,,2025-02-04
2026-01-27,Nausicaä of the Valley of the Wind,1984,https://boxd.it/cQAuMP,4,,,2025-02-04
2026-01-27,The Day After Tomorrow,2004,https://boxd.it/cQAuL3,3,,,2025-02-05
2026-01-27,Everest,2015,https://boxd.it/cQAuLn,3.5,,,2025-02-05
2026-01-27,The Guilty,2021,https://boxd.it/cQAuM1,3.5,,,2025-02-05
2026-01-27,Wedding Crashers,2005,https://boxd.it/cQAuKT,3.5,,,2025-02-07
2026-01-27,Rushmore,1998,https://boxd.it/cQAuKf,4,,,2025-02-11
2026-01-27,Around the World in 80 Days,2004,https://boxd.it/cQAutt,3.5,,,2025-02-16
2026-01-27,Monsters University,2013,https://boxd.it/cQAuu7,3.5,,,2025-02-16
2026-01-27,Back to the Future Part II,1989,https://boxd.it/cQAuuV,4,,,2025-02-16
2026-01-27,The Interview,2014,https://boxd.it/cQAusl,3.5,,,2025-02-17
2026-01-27,Sleepy Hollow,1999,https://boxd.it/cQAusv,3.5,,,2025-02-17
2026-01-27,Sweeney Todd: The Demon Barber of Fleet Street,2007,https://boxd.it/cQAusP,3.5,,,2025-02-17
2026-01-27,Edward Scissorhands,1990,https://boxd.it/cQAusZ,4,,,2025-02-17
2026-01-27,Stronger,2017,https://boxd.it/cQAurR,4,,,2025-02-22
2026-01-27,The Lego Movie,2014,https://boxd.it/cQAurx,4,,,2025-02-24
2026-01-27,Incendies,2010,https://boxd.it/cQAur3,4.5,,,2025-03-14
2026-01-27,The Girl with the Dragon Tattoo,2011,https://boxd.it/cQAuqT,3.5,,,2025-03-15
2026-01-27,Murder on the Orient Express,2017,https://boxd.it/cQAuqz,4,,,2025-03-17
2026-01-27,A Haunting in Venice,2023,https://boxd.it/cQAuqJ,3.5,,,2025-03-17
2026-01-27,Azur & Asmar: The Princes' Quest,2006,https://boxd.it/cQAuc3,5,,,2025-03-18
2026-01-27,The King and the Mockingbird,1980,https://boxd.it/cQAunv,5,,,2025-03-18
2026-01-27,The Nightmare Before Christmas,1993,https://boxd.it/cQAunZ,5,,,2025-03-18
2026-01-27,Moulin Rouge!,2001,https://boxd.it/cQAuo9,5,,,2025-03-18
2026-01-27,Howl's Moving Castle,2004,https://boxd.it/cQAuoj,5,,,2025-03-18
2026-01-27,Dead Poets Society,1989,https://boxd.it/cQAuot,5,,,2025-03-18
2026-01-27,Arrival,2016,https://boxd.it/cQAuoD,5,,,2025-03-18
2026-01-27,The Grand Budapest Hotel,2014,https://boxd.it/cQAuoN,5,,,2025-03-18
2026-01-27,La La Land,2016,https://boxd.it/cQAuph,5,,,2025-03-18
2026-01-27,Shutter Island,2010,https://boxd.it/cQAupB,5,,,2025-03-18
2026-01-27,The Prestige,2006,https://boxd.it/cQAupV,5,,,2025-03-18
2026-01-27,Good Will Hunting,1997,https://boxd.it/cQAuqf,5,,,2025-03-18
2026-01-27,Conclave,2024,https://boxd.it/cQAuqp,3.5,,,2025-03-18
2026-01-27,The Seventh Seal,1957,https://boxd.it/cQAu6z,4.5,,,2025-03-20
2026-01-27,Demolition,2015,https://boxd.it/cQAu73,4.5,,,2025-03-20
2026-01-27,E.T. the Extra-Terrestrial,1982,https://boxd.it/cQAu7n,4.5,,,2025-03-20
2026-01-27,Drive,2011,https://boxd.it/cQAu7H,4.5,,,2025-03-20
2026-01-27,(500) Days of Summer,2009,https://boxd.it/cQAu81,4.5,,,2025-03-20
2026-01-27,Casino Royale,2006,https://boxd.it/cQAu8l,4.5,,,2025-03-20
2026-01-27,Anatomy of a Fall,2023,https://boxd.it/cQAu99,4,,,2025-03-20
2026-01-27,The Great Gatsby,2013,https://boxd.it/cQAu9j,4.5,,,2025-03-20
2026-01-27,Scott Pilgrim vs. the World,2010,https://boxd.it/cQAu9X,4.5,,,2025-03-20
2026-01-27,Baby Driver,2017,https://boxd.it/cQAuar,4.5,,,2025-03-20
2026-01-27,Knives Out,2019,https://boxd.it/cQAuaL,4.5,,,2025-03-20
2026-01-27,The Notebook,2004,https://boxd.it/cQAub5,4.5,,,2025-03-20
2026-01-27,The Truman Show,1998,https://boxd.it/cQAubf,4.5,,,2025-03-20
2026-01-27,Prisoners,2013,https://boxd.it/cQAubp,4.5,,,2025-03-20
2026-01-27,End of Watch,2012,https://boxd.it/cQAubJ,4.5,,,2025-03-20
2026-01-27,1991,2018,https://boxd.it/cQAubT,3.5,,,2025-03-20
2026-01-27,Mickey 17,2025,https://boxd.it/cQAu6f,3.5,,,2025-03-21
2026-01-27,The Three Kings,2001,https://boxd.it/cQAs55,3,,,2025-03-24
2026-01-27,The Brats,2013,https://boxd.it/cQAs5f,3,,,2025-03-24
2026-01-27,Would I Lie to You? 2,2001,https://boxd.it/cQAs5p,3,,,2025-03-24
2026-01-27,Mais qui a re-tué Pamela Rose ?,2012,https://boxd.it/cQAs5J,3.5,,,2025-03-24
2026-01-27,The Miser,1980,https://boxd.it/cQAs63,3.5,,,2025-03-24
2026-01-27,Mais qui a tué Pamela Rose ?,2003,https://boxd.it/cQAs6d,3.5,,,2025-03-24
2026-01-27,Raining Cats and Frogs,2003,https://boxd.it/cQAs6n,4.5,,,2025-03-24
2026-01-27,The Three Brothers: The Return,2014,https://boxd.it/cQAs6x,2.5,,,2025-03-24
2026-01-27,The Little Bather,1968,https://boxd.it/cQAs6H,3.5,,,2025-03-24
2026-01-27,The Visitors II: The Corridors of Time,1998,https://boxd.it/cQAs7b,2.5,,,2025-03-24
2026-01-27,Superchondriac,2014,https://boxd.it/cQAs7l,2.5,,,2025-03-24
2026-01-27,Don't Die Too Hard!,2001,https://boxd.it/cQAs7v,3.5,,,2025-03-24
2026-01-27,Gramps Is in the Resistance,1983,https://boxd.it/cQAs89,3.5,,,2025-03-24
2026-01-27,The Gendarme and the Creatures from Outer Space,1979,https://boxd.it/cQAslR,3.5,,,2025-03-24
2026-01-27,Delusions of Grandeur,1971,https://boxd.it/cQAsmb,3.5,,,2025-03-24
2026-01-27,Tomorrow,2015,https://boxd.it/cQAsmv,3.5,,,2025-03-24
2026-01-27,The Discord,1978,https://boxd.it/cQAsmF,3.5,,,2025-03-24
2026-01-27,HOUBA! On the Trail of the Marsupilami,2012,https://boxd.it/cQAsmP,2.5,,,2025-03-24
2026-01-27,Dragon Hunters,2008,https://boxd.it/cQAsnj,4,,,2025-03-24
2026-01-27,Nothing to Declare,2010,https://boxd.it/cQAsnt,3,,,2025-03-24
2026-01-27,The Brice Man,2005,https://boxd.it/cQAsnD,2.5,,,2025-03-24
2026-01-27,The Restaurant,1966,https://boxd.it/cQAsnN,4,,,2025-03-24
2026-01-27,Simply Black,2020,https://boxd.it/cQAsnX,3.5,,,2025-03-24
2026-01-27,The Three Brothers,1995,https://boxd.it/cQAsoh,4,,,2025-03-24
2026-01-27,Santa Claus Is a Stinker,1982,https://boxd.it/cQAsoV,3.5,,,2025-03-24
2026-01-27,Kaamelott: The First Chapter,2021,https://boxd.it/cQAsp5,3.5,,,2025-03-24
2026-01-27,Jack and the Cuckoo-Clock Heart,2013,https://boxd.it/cQAspp,3.5,,,2025-03-24
2026-01-27,Le Gendarme de Saint-Tropez,1964,https://boxd.it/cQAspz,3.5,,,2025-03-24
2026-01-27,The Cabbage Soup,1981,https://boxd.it/cQAspT,3.5,,,2025-03-24
2026-01-27,OSS 117: From Africa with Love,2021,https://boxd.it/cQAsq3,2.5,,,2025-03-24
2026-01-27,Polisse,2011,https://boxd.it/cQAsqn,4,,,2025-03-24
2026-01-27,Micmacs,2009,https://boxd.it/cQAsqH,3.5,,,2025-03-24
2026-01-27,Sink or Swim,2018,https://boxd.it/cQAsqR,3.5,,,2025-03-24
2026-01-27,Taxi 4,2007,https://boxd.it/cQAsr1,2.5,,,2025-03-24
2026-01-27,C'est la vie!,2017,https://boxd.it/cQAsrb,4,,,2025-03-24
2026-01-27,Asterix: The Mansions of the Gods,2014,https://boxd.it/cQAsrZ,3.5,,,2025-03-24
2026-01-27,Smoking Causes Coughing,2022,https://boxd.it/cQAss9,2.5,,,2025-03-24
2026-01-27,Taxi 2,2000,https://boxd.it/cQAssj,3.5,,,2025-03-24
2026-01-27,The Brand New Testament,2015,https://boxd.it/cQAsEz,3.5,,,2025-03-24
2026-01-27,"OSS 117: Cairo, Nest of Spies",2006,https://boxd.it/cQAsET,4,,,2025-03-24
2026-01-27,March of the Penguins,2005,https://boxd.it/cQAsF3,4,,,2025-03-24
2026-01-27,The Dinner Game,1998,https://boxd.it/cQAsFd,4,,,2025-03-24
2026-01-27,Don't Look Now... We're Being Shot At!,1966,https://boxd.it/cQAsFn,4,,,2025-03-24
2026-01-27,Wasabi,2001,https://boxd.it/cQAsFx,3.5,,,2025-03-24
2026-01-27,Welcome to the Sticks,2008,https://boxd.it/cQAsFR,3.5,,,2025-03-24
2026-01-27,Cyrano de Bergerac,1990,https://boxd.it/cQAsG1,4,,,2025-03-24
2026-01-27,Asterix at the Olympic Games,2008,https://boxd.it/cQAsGb,2.5,,,2025-03-24
2026-01-27,Serial (Bad) Weddings,2014,https://boxd.it/cQAsGl,2.5,,,2025-03-24
2026-01-27,The Visitors,1993,https://boxd.it/cQAsGF,3.5,,,2025-03-24
2026-01-27,A Monster in Paris,2011,https://boxd.it/cQAsGP,4,,,2025-03-24
2026-01-27,The Boxtrolls,2014,https://boxd.it/cQAsH9,3,,,2025-03-24
2026-01-27,The Chorus,2004,https://boxd.it/cQAsHj,4,,,2025-03-24
2026-01-27,ParaNorman,2012,https://boxd.it/cQAsHt,3.5,,,2025-03-24
2026-01-27,Taxi,1998,https://boxd.it/cQAsHD,3.5,,,2025-03-24
2026-01-27,Arthur and the Invisibles,2006,https://boxd.it/cQAsHN,3.5,,,2025-03-24
2026-01-27,Arthur and the Revenge of Maltazard,2009,https://boxd.it/cQAsHX,2.5,,,2025-03-24
2026-01-27,Arthur 3: The War of the Two Worlds,2010,https://boxd.it/cQAsIh,2.5,,,2025-03-24
2026-01-27,The Artist,2011,https://boxd.it/cQAsIr,4,,,2025-03-24
2026-01-27,Ice Age: The Meltdown,2006,https://boxd.it/cQAsIB,4,,,2025-03-24
2026-01-27,Madagascar 3: Europe's Most Wanted,2012,https://boxd.it/cQAsIL,2.5,,,2025-03-24
2026-01-27,Wrath of the Titans,2012,https://boxd.it/cQAsIV,2.5,,,2025-03-24
2026-01-27,Chicken Little,2005,https://boxd.it/cQAsJf,4,,,2025-03-24
2026-01-27,Ice Age: Dawn of the Dinosaurs,2009,https://boxd.it/cQAsJp,3.5,,,2025-03-24
2026-01-27,Penguins of Madagascar,2014,https://boxd.it/cQAsPH,3,,,2025-03-24
2026-01-27,The Golden Compass,2007,https://boxd.it/cQAsQv,2.5,,,2025-03-24
2026-01-27,Ice Age: Collision Course,2016,https://boxd.it/cQAsRN,2.5,,,2025-03-24
2026-01-27,Madagascar: Escape 2 Africa,2008,https://boxd.it/cQAsSh,3,,,2025-03-24
2026-01-27,Chicken Run,2000,https://boxd.it/cQAsSB,4,,,2025-03-24
2026-01-27,The Lost City of Z,2016,https://boxd.it/cQAsSV,3,,,2025-03-24
2026-01-27,Ocean's Thirteen,2007,https://boxd.it/cQAsTf,4,,,2025-03-24
2026-01-27,Monster House,2006,https://boxd.it/cQAsTz,3,,,2025-03-24
2026-01-27,Alice Through the Looking Glass,2016,https://boxd.it/cQAsTT,3,,,2025-03-24
2026-01-27,Eragon,2006,https://boxd.it/cQAsUd,2.5,,,2025-03-24
2026-01-27,Castle in the Sky,1986,https://boxd.it/cQAsUn,4,,,2025-03-24
2026-01-27,The Adventures of Tintin,2011,https://boxd.it/cQAsUR,3.5,,,2025-03-24
2026-01-27,Transporter 3,2008,https://boxd.it/cQAsVb,2.5,,,2025-03-24
2026-01-27,Dawn of the Planet of the Apes,2014,https://boxd.it/cQAsVv,4,,,2025-03-24
2026-01-27,22 Jump Street,2014,https://boxd.it/cQAsVP,3.5,,,2025-03-24
2026-01-27,Rise of the Planet of the Apes,2011,https://boxd.it/cQAsVZ,4,,,2025-03-24
2026-01-27,Die Hard 2,1990,https://boxd.it/cQAsWj,4,,,2025-03-24
2026-01-27,Ice Age: Continental Drift,2012,https://boxd.it/cQAsWD,2.5,,,2025-03-24
2026-01-27,The A-Team,2010,https://boxd.it/cQAsWX,4,,,2025-03-24
2026-01-27,The Mechanic,2011,https://boxd.it/cQAsXr,3.5,,,2025-03-24
2026-01-27,War for the Planet of the Apes,2017,https://boxd.it/cQAsXL,3,,,2025-03-24
2026-01-27,Men in Black: International,2019,https://boxd.it/cQAsXV,2.5,,,2025-03-24
2026-01-27,Back to the Future Part III,1990,https://boxd.it/cQAsYf,4,,,2025-03-24
2026-01-27,The Chronicles of Riddick,2004,https://boxd.it/cQAsYp,3.5,,,2025-03-24
2026-01-27,Transcendence,2014,https://boxd.it/cQAsYz,2.5,,,2025-03-24
2026-01-27,Knight and Day,2010,https://boxd.it/cQAt6t,3,,,2025-03-24
2026-01-27,The Chronicles of Narnia: Prince Caspian,2008,https://boxd.it/cQAt7h,3,,,2025-03-24
2026-01-27,The Expendables,2010,https://boxd.it/cQAt7V,4,,,2025-03-24
2026-01-27,Transporter 2,2005,https://boxd.it/cQAt8f,3.5,,,2025-03-24
2026-01-27,Prince of Persia: The Sands of Time,2010,https://boxd.it/cQAt8z,3,,,2025-03-24
2026-01-27,The Jungle Book,1967,https://boxd.it/cQAt8T,4,,,2025-03-24
2026-01-27,Robots,2005,https://boxd.it/cQAt9d,4,,,2025-03-24
2026-01-27,Gremlins,1984,https://boxd.it/cQAt9n,4,,,2025-03-24
2026-01-27,Despicable Me 2,2013,https://boxd.it/cQAt9H,3.5,,,2025-03-24
2026-01-27,The Transporter,2002,https://boxd.it/cQAta1,3.5,,,2025-03-24
2026-01-27,9,2009,https://boxd.it/cQAtab,4.5,,,2025-03-24
2026-01-27,What Happened to Monday,2017,https://boxd.it/cQAtal,3.5,,,2025-03-24
2026-01-27,Journey 2: The Mysterious Island,2012,https://boxd.it/cQAtav,2.5,,,2025-03-24
2026-01-27,Dark Shadows,2012,https://boxd.it/cQAtaZ,3.5,,,2025-03-24
2026-01-27,Creed,2015,https://boxd.it/cQAtb9,4,,,2025-03-24
2026-01-27,The World Is Not Enough,1999,https://boxd.it/cQAtbt,3.5,,,2025-03-24
2026-01-27,Bee Movie,2007,https://boxd.it/cQAtch,4,,,2025-03-24
2026-01-27,John Carter,2012,https://boxd.it/cQAtd5,3.5,,,2025-03-24
2026-01-27,Mortal Engines,2018,https://boxd.it/cQAtdf,4,,,2025-03-24
2026-01-27,Hugo,2011,https://boxd.it/cQAtdz,3.5,,,2025-03-24
2026-01-27,How to Train Your Dragon 2,2014,https://boxd.it/cQAtdT,4,,,2025-03-24
2026-01-27,Aquaman,2018,https://boxd.it/cQAted,2.5,,,2025-03-24
2026-01-27,Rocketman,2019,https://boxd.it/cQAteH,4,,,2025-03-24
2026-01-27,Fantastic Beasts: The Crimes of Grindelwald,2018,https://boxd.it/cQAtf1,3.5,,,2025-03-24
2026-01-27,The New Mutants,2020,https://boxd.it/cQAtfb,2.5,,,2025-03-24
2026-01-27,Mission: Impossible II,2000,https://boxd.it/cQAtox,3.5,,,2025-03-24
2026-01-27,A Quiet Place Part II,2020,https://boxd.it/cQAtpF,4,,,2025-03-24
2026-01-27,Indiana Jones and the Kingdom of the Crystal Skull,2008,https://boxd.it/cQAtpZ,3,,,2025-03-24
2026-01-27,Monsters vs Aliens,2009,https://boxd.it/cQAtqD,3.5,,,2025-03-24
2026-01-27,Warcraft,2016,https://boxd.it/cQAtqX,3.5,,,2025-03-24
2026-01-27,Tarzan,1999,https://boxd.it/cQAtr7,4,,,2025-03-24
2026-01-27,Mission: Impossible – Rogue Nation,2015,https://boxd.it/cQAtrB,4,,,2025-03-24
2026-01-27,The King's Speech,2010,https://boxd.it/cQAtrV,4,,,2025-03-24
2026-01-27,Mission: Impossible – Ghost Protocol,2011,https://boxd.it/cQAtsp,3.5,,,2025-03-24
2026-01-27,Kindergarten Cop,1990,https://boxd.it/cQAtsT,3.5,,,2025-03-24
2026-01-27,The Lorax,2012,https://boxd.it/cQAttn,3.5,,,2025-03-24
2026-01-27,How to Train Your Dragon: The Hidden World,2019,https://boxd.it/cQAttH,3.5,,,2025-03-24
2026-01-27,Jurassic Park III,2001,https://boxd.it/cQAtu1,2.5,,,2025-03-24
2026-01-27,Hotel Transylvania,2012,https://boxd.it/cQAtuF,4,,,2025-03-24
2026-01-27,Rio,2011,https://boxd.it/cQAtuZ,3.5,,,2025-03-24
2026-01-27,Mission: Impossible III,2006,https://boxd.it/cQAtvj,3.5,,,2025-03-24
2026-01-27,Cars 2,2011,https://boxd.it/cQAtvD,3,,,2025-03-24
2026-01-27,Super 8,2011,https://boxd.it/cQAtvX,3.5,,,2025-03-24
2026-01-27,Justice League,2017,https://boxd.it/cQAtwr,2.5,,,2025-03-24
2026-01-27,Nightmare Alley,2021,https://boxd.it/cQAtwL,3.5,,,2025-03-24
2026-01-27,Ad Astra,2019,https://boxd.it/cQAtx5,3.5,,,2025-03-24
2026-01-27,Ice Age,2002,https://boxd.it/cQAtxf,4.5,,,2025-03-24
2026-01-27,Minions,2015,https://boxd.it/cQAtxz,3,,,2025-03-24
2026-01-27,Toy Story 4,2019,https://boxd.it/cQAtxJ,3.5,,,2025-03-24
2026-01-27,Mars Attacks!,1996,https://boxd.it/cQAty3,4,,,2025-03-24
2026-01-27,Brave,2012,https://boxd.it/cQAtIx,3.5,,,2025-03-24
2026-01-27,Planet of the Apes,2001,https://boxd.it/cQAtJP,3,,,2025-03-24
2026-01-27,Madagascar,2005,https://boxd.it/cQAtK9,4.5,,,2025-03-24
2026-01-27,Despicable Me,2010,https://boxd.it/cQAtKD,4,,,2025-03-24
2026-01-27,Soul,2020,https://boxd.it/cQAtKN,4,,,2025-03-24
2026-01-27,Mission: Impossible – Fallout,2018,https://boxd.it/cQAtKX,3.5,,,2025-03-24
2026-01-27,Speed,1994,https://boxd.it/cQAtLh,3.5,,,2025-03-24
2026-01-27,The Mask,1994,https://boxd.it/cQAtM5,3.5,,,2025-03-24
2026-01-27,Godzilla Minus One,2023,https://boxd.it/cQAtMf,4,,,2025-03-24
2026-01-27,Miss Peregrine's Home for Peculiar Children,2016,https://boxd.it/cQAtMz,3.5,,,2025-03-24
2026-01-27,Zack Snyder's Justice League,2021,https://boxd.it/cQAtMT,4,,,2025-03-24
2026-01-27,Indiana Jones and the Dial of Destiny,2023,https://boxd.it/cQAtN3,3.5,,,2025-03-24
2026-01-27,Zootopia,2016,https://boxd.it/cQAtNx,3.5,,,2025-03-24
2026-01-27,Divergent,2014,https://boxd.it/cQAtNR,3,,,2025-03-24
2026-01-27,RED,2010,https://boxd.it/cQAtO1,4,,,2025-03-24
2026-01-27,Alita: Battle Angel,2019,https://boxd.it/cQAtOb,3.5,,,2025-03-24
2026-01-27,Spider-Man: Into the Spider-Verse,2018,https://boxd.it/cQAtOl,4,,,2025-03-24
2026-01-27,"The Chronicles of Narnia: The Lion, the Witch and the Wardrobe",2005,https://boxd.it/cQAtOF,4,,,2025-03-24
2026-01-27,Ghostbusters,1984,https://boxd.it/cQAtOP,4,,,2025-03-24
2026-01-27,Shrek 2,2004,https://boxd.it/cQAtP9,3.5,,,2025-03-24
2026-01-27,Fantastic Beasts and Where to Find Them,2016,https://boxd.it/cQAtPj,4,,,2025-03-24
2026-01-27,The Greatest Showman,2017,https://boxd.it/cQAtPD,3,,,2025-03-24
2026-01-27,Lilo & Stitch,2002,https://boxd.it/cQAtPN,4,,,2025-03-24
2026-01-27,Atlantis: The Lost Empire,2001,https://boxd.it/cQAtPX,4.5,,,2025-03-24
2026-01-27,Saw,2004,https://boxd.it/cQAtQr,4,,,2025-03-24
2026-01-27,Fear City: A Family-Style Comedy,1994,https://boxd.it/cQAu2d,4,,,2025-03-24
2026-01-27,Asterix & Obelix: Mission Cleopatra,2002,https://boxd.it/cQAu3b,4,,,2025-03-24
2026-01-27,Hercules,1997,https://boxd.it/cQAu3F,5,,,2025-03-24
2026-01-27,Thor: Ragnarok,2017,https://boxd.it/cQAu49,3.5,,,2025-03-24
2026-01-27,Hidden Figures,2016,https://boxd.it/cQAu4N,4,,,2025-03-24
2026-01-27,The Help,2011,https://boxd.it/cQAu5h,4,,,2025-03-24
2026-01-27,Frankenweenie,2012,https://boxd.it/cQAu5L,3.5,,,2025-03-24
2026-01-27,Take Shelter,2011,https://boxd.it/cQAs4V,4,,,2025-03-25
2026-01-27,12 Angry Men,1957,https://boxd.it/cQAs4B,4.5,,,2025-03-26
2026-01-27,The Brutalist,2024,https://boxd.it/cQAs4r,4,,,2025-03-30
2026-01-27,Bridge to Terabithia,2007,https://boxd.it/cQAs4h,4,,,2025-03-31
2026-01-27,Avatar: The Way of Water,2022,https://boxd.it/cQAs3t,2,,,2025-04-02
2026-01-27,Thor: Love and Thunder,2022,https://boxd.it/cQAs3N,2,,,2025-04-02
2026-01-27,Suicide Squad,2016,https://boxd.it/cQAs47,2,,,2025-04-02
2026-01-27,Snow White,2025,https://boxd.it/cQArbh,1,,,2025-04-05
2026-01-27,Eternals,2021,https://boxd.it/cQArbB,1.5,,,2025-04-05
2026-01-27,OSS 117: Lost in Rio,2009,https://boxd.it/cQArkt,3,,,2025-04-05
2026-01-27,Bad Times at the El Royale,2018,https://boxd.it/cQArkN,3,,,2025-04-05
2026-01-27,Moonrise Kingdom,2012,https://boxd.it/cQArkX,4,,,2025-04-05
2026-01-27,Valerian and the City of a Thousand Planets,2017,https://boxd.it/cQArl7,3,,,2025-04-05
2026-01-27,Lady Bird,2017,https://boxd.it/cQArlh,4,,,2025-04-05
2026-01-27,Percy Jackson & the Olympians: The Lightning Thief,2010,https://boxd.it/cQArlr,3,,,2025-04-05
2026-01-27,Silver Linings Playbook,2012,https://boxd.it/cQArlB,4,,,2025-04-05
2026-01-27,Sinister,2012,https://boxd.it/cQArlL,3,,,2025-04-05
2026-01-27,Lost in Translation,2003,https://boxd.it/cQArlV,4,,,2025-04-05
2026-01-27,Venom,2018,https://boxd.it/cQArmf,3,,,2025-04-05
2026-01-27,Spider-Man: Homecoming,2017,https://boxd.it/cQArmz,3,,,2025-04-05
2026-01-27,Jurassic World: Fallen Kingdom,2018,https://boxd.it/cQArmT,2.5,,,2025-04-05
2026-01-27,Little Miss Sunshine,2006,https://boxd.it/cQArnd,4.5,,,2025-04-05
2026-01-27,Wonka,2023,https://boxd.it/cQArnn,3,,,2025-04-05
2026-01-27,Coco,2017,https://boxd.it/cQArnx,4,,,2025-04-05
2026-01-27,Zodiac,2007,https://boxd.it/cQArnR,4,,,2025-04-05
2026-01-27,"Crazy, Stupid, Love.",2011,https://boxd.it/cQArob,4,,,2025-04-05
2026-01-27,About Time,2013,https://boxd.it/cQArov,4,,,2025-04-05
2026-01-27,Transformers,2007,https://boxd.it/cQAroZ,3,,,2025-04-05
2026-01-27,Scary Movie,2000,https://boxd.it/cQArp9,2.5,,,2025-04-05
2026-01-27,Brothers,2009,https://boxd.it/cQArpj,4,,,2025-04-05
2026-01-27,Star Wars: Episode I – The Phantom Menace,1999,https://boxd.it/cQArpD,4,,,2025-04-05
2026-01-27,Get Out,2017,https://boxd.it/cQArpX,4,,,2025-04-05
2026-01-27,Troy,2004,https://boxd.it/cQArq7,3,,,2025-04-05
2026-01-27,Star Wars,1977,https://boxd.it/cQArqB,4,,,2025-04-05
2026-01-27,Jojo Rabbit,2019,https://boxd.it/cQArHR,4,,,2025-04-05
2026-01-27,Avengers: Infinity War,2018,https://boxd.it/cQArIb,3,,,2025-04-05
2026-01-27,The Fall Guy,2024,https://boxd.it/cQArIv,3,,,2025-04-05
2026-01-27,The Breakfast Club,1985,https://boxd.it/cQArIF,4,,,2025-04-05
2026-01-27,Once Upon a Time... in Hollywood,2019,https://boxd.it/cQArIP,4,,,2025-04-05
2026-01-27,Oppenheimer,2023,https://boxd.it/cQArIZ,4,,,2025-04-05
2026-01-27,Camping,2006,https://boxd.it/cQArJj,2,,,2025-04-05
2026-01-27,Taxi 3,2003,https://boxd.it/cQArJD,2.5,,,2025-04-05
2026-01-27,Asterix & Obelix: God Save Britannia,2012,https://boxd.it/cQArJN,2.5,,,2025-04-05
2026-01-27,Johnny English Strikes Again,2018,https://boxd.it/cQArJX,2.5,,,2025-04-05
2026-01-27,The Hangover Part III,2013,https://boxd.it/cQArK7,2.5,,,2025-04-05
2026-01-27,Rio 2,2014,https://boxd.it/cQArKh,2.5,,,2025-04-05
2026-01-27,The Sorcerer's Apprentice,2010,https://boxd.it/cQArKr,2.5,,,2025-04-05
2026-01-27,Night at the Museum: Battle of the Smithsonian,2009,https://boxd.it/cQArKB,2.5,,,2025-04-05
2026-01-27,Kong: Skull Island,2017,https://boxd.it/cQArKV,2.5,,,2025-04-05
2026-01-27,Minions: The Rise of Gru,2022,https://boxd.it/cQArL5,2.5,,,2025-04-05
2026-01-27,The Croods,2013,https://boxd.it/cQArLp,2.5,,,2025-04-05
2026-01-27,Shrek the Third,2007,https://boxd.it/cQArLz,2.5,,,2025-04-05
2026-01-27,The Lost World: Jurassic Park,1997,https://boxd.it/cQArLJ,2.5,,,2025-04-05
2026-01-27,Clash of the Titans,2010,https://boxd.it/cQArLT,2,,,2025-04-05
2026-01-27,Captain Marvel,2019,https://boxd.it/cQArM3,2.5,,,2025-04-05
2026-01-27,Inside Out,2015,https://boxd.it/cQArMx,3.5,,,2025-04-05
2026-01-27,Wrath of Man,2021,https://boxd.it/cQArMH,2.5,,,2025-04-05
2026-01-27,Life,2017,https://boxd.it/cQArMR,2,,,2025-04-05
2026-01-27,Pirates of the Caribbean: Dead Men Tell No Tales,2017,https://boxd.it/cQArNl,2.5,,,2025-04-05
2026-01-27,Guardians of the Galaxy Vol. 3,2023,https://boxd.it/cQArXP,2.5,,,2025-04-05
2026-01-27,Carry-On,2024,https://boxd.it/cQAs05,2,,,2025-04-05
2026-01-27,Death of a Unicorn,2025,https://boxd.it/cQAs13,2,,,2025-04-05
2026-01-27,From Dusk Till Dawn,1996,https://boxd.it/cQAs21,2,,,2025-04-05
2026-01-27,Mission: Impossible – Dead Reckoning,2023,https://boxd.it/cQAs2Z,1.5,,,2025-04-05
2026-01-27,Beautiful Boy,2018,https://boxd.it/cQAraD,4.5,,,2025-04-06
2026-01-27,Dinosaur,2000,https://boxd.it/cQAr8d,3.5,,,2025-04-18
2026-01-27,Red Notice,2021,https://boxd.it/cQAr9b,2.5,,,2025-04-18
2026-01-27,1987,2014,https://boxd.it/cQAr9P,3.5,,,2025-04-18
2026-01-27,1981,2009,https://boxd.it/cQAr7p,3.5,,,2025-04-19
2026-01-27,Coherence,2013,https://boxd.it/cQAr6V,4,,,2025-04-20
2026-01-27,Primer,2004,https://boxd.it/cQAr6r,4,,,2025-04-21
2026-01-27,Star Wars: Episode III – Revenge of the Sith,2005,https://boxd.it/cQAr5X,4.5,,,2025-04-25
2026-01-27,Next Floor,2008,https://boxd.it/cQAr4F,3.5,,,2025-05-03
2026-01-27,Enemy,2013,https://boxd.it/cQAr5j,4,,,2025-05-03
2026-01-27,Eternal Sunshine of the Spotless Mind,2004,https://boxd.it/cQAr4v,5,,,2025-05-05
2026-01-27,The Phoenician Scheme,2025,https://boxd.it/cQAr33,4,,,2025-06-02
2026-01-27,Fantastic Mr. Fox,2009,https://boxd.it/cQAr3n,5,,,2025-06-02
2026-01-27,The Darjeeling Limited,2007,https://boxd.it/cQAr3H,4.5,,,2025-06-02
2026-01-27,The Royal Tenenbaums,2001,https://boxd.it/cQAr3R,4.5,,,2025-06-02
2026-01-27,The Wild Robot,2024,https://boxd.it/cQAr2T,3.5,,,2025-06-04
2026-01-27,A Perfect Murder,1998,https://boxd.it/cQAr2z,4,,,2025-07-02
2026-01-27,Jurassic World Rebirth,2025,https://boxd.it/cQAr2f,3,,,2025-07-14
2026-01-27,Reservoir Dogs,1992,https://boxd.it/cQAr1L,4,,,2025-07-15
2026-01-27,Chinatown,1974,https://boxd.it/cQAr1B,4,,,2025-07-17
2026-01-27,F1,2025,https://boxd.it/cQAr1r,4,,,2025-07-20
2026-01-27,Fresh,2022,https://boxd.it/cQAr17,3.5,,,2025-07-21
2026-01-27,Flightplan,2005,https://boxd.it/cQAqPF,2.5,,,2025-07-22
2026-01-27,Five Nights at Freddy's,2023,https://boxd.it/cQAr0D,2.5,,,2025-07-22
2026-01-27,Blade Runner,1982,https://boxd.it/cQAqPv,4.5,,,2025-07-24
2026-01-27,Amélie,2001,https://boxd.it/cQAqOR,4.5,,,2025-08-05
2026-01-27,Crank,2006,https://boxd.it/cQAqP1,3,,,2025-08-05
2026-01-27,Fargo,1996,https://boxd.it/cQAqPb,4,,,2025-08-05
2026-01-27,The Shining,1980,https://boxd.it/cQAqOx,4.5,,,2025-08-18
2026-01-27,Wolfs,2024,https://boxd.it/cQAqOn,3.5,,,2025-08-20
2026-01-27,A Real Pain,2024,https://boxd.it/cQAqOd,3.5,,,2025-09-04
2026-01-27,Memento,2000,https://boxd.it/cQAqO3,5,,,2025-09-05
2026-01-27,The Conjuring: Last Rites,2025,https://boxd.it/cQAqNJ,3.5,,,2025-09-06
2026-01-27,Hereditary,2018,https://boxd.it/cQAqNT,4.5,,,2025-09-06
2026-01-27,Saltburn,2023,https://boxd.it/cQAqNz,3.5,,,2025-09-09
2026-01-27,Anora,2024,https://boxd.it/cQAqN5,3,,,2025-09-12
2026-01-27,The Long Walk,2025,https://boxd.it/cQAqNp,4,,,2025-09-12
2026-01-27,The Blair Witch Project,1999,https://boxd.it/cQAqMh,4,,,2025-09-13
2026-01-27,Citizen Kane,1941,https://boxd.it/cQAqMr,4,,,2025-09-13
2026-01-27,Rain Man,1988,https://boxd.it/cQAqML,4,,,2025-09-13
2026-01-27,Once Upon a Time in the West,1968,https://boxd.it/cQAqMV,4.5,,,2025-09-13
2026-01-27,Weapons,2025,https://boxd.it/cQAqLD,3,,,2025-09-15
2026-01-27,Snowden,2016,https://boxd.it/cQAqLN,4,,,2025-09-15
2026-01-27,Past Lives,2023,https://boxd.it/cQAqLj,4.5,,,2025-09-16
2026-01-27,The Batman,2022,https://boxd.it/cQAqKF,4,,,2025-09-17
2026-01-27,Death at a Funeral,2007,https://boxd.it/cQAqKP,3.5,,,2025-09-17
2026-01-27,Licorice Pizza,2021,https://boxd.it/cQAqL9,3.5,,,2025-09-17
2026-01-27,James and the Giant Peach,1996,https://boxd.it/cQAqxr,3.5,,,2025-09-18
2026-01-27,Dumb Money,2023,https://boxd.it/cQAqKb,3.5,,,2025-09-18
2026-01-27,Brokeback Mountain,2005,https://boxd.it/cQAqwt,4.5,,,2025-09-21
2026-01-27,My Old Ass,2024,https://boxd.it/cQAqwD,3,,,2025-09-21
2026-01-27,Serial Teachers 2,2015,https://boxd.it/cQAqwN,2,,,2025-09-21
2026-01-27,Serial Teachers,2013,https://boxd.it/cQAqwX,2.5,,,2025-09-21
2026-01-27,The Climb,2017,https://boxd.it/cQAqx7,3.5,,,2025-09-21
2026-01-27,Tenor,2022,https://boxd.it/cQAqxh,3.5,,,2025-09-21
2026-01-27,Romeo + Juliet,1996,https://boxd.it/cQAqvF,4.5,,,2025-09-22
2026-01-27,Black Widow,2021,https://boxd.it/cQAqw9,3,,,2025-09-22
2026-01-27,Ruby Sparks,2012,https://boxd.it/cQAqwj,4,,,2025-09-22
2026-01-27,Chef,2014,https://boxd.it/cQAqvl,3.5,,,2025-09-23
2026-01-27,The Perks of Being a Wallflower,2012,https://boxd.it/cQAqvv,5,,,2025-09-23
2026-01-27,Frances Ha,2012,https://boxd.it/cQAqvb,4,,,2025-09-24
2026-01-27,Mulholland Drive,2001,https://boxd.it/cQAquR,5,,,2025-09-25
2026-01-27,Last Year at Marienbad,1961,https://boxd.it/cQAqv1,5,,,2025-09-25
2026-01-27,Persepolis,2007,https://boxd.it/cQAqux,4,,,2025-09-27
2026-01-27,Anna Kiri,2025,https://boxd.it/cQAquH,4,,,2025-09-27
2026-01-27,Manchester by the Sea,2016,https://boxd.it/cQAqu3,5,,,2025-09-29
2026-01-27,There Will Be Blood,2007,https://boxd.it/cQAqud,4.5,,,2025-09-29
2026-01-27,The Man from Earth,2007,https://boxd.it/cQAqtT,2.5,,,2025-10-01
2026-01-27,The Path of Excellence,2023,https://boxd.it/cQAqtz,3,,,2025-10-02
2026-01-27,Palm Springs,2020,https://boxd.it/cQAqtJ,3.5,,,2025-10-02
2026-01-27,In the Tall Grass,2019,https://boxd.it/cQAqtf,3,,,2025-10-04
2026-01-27,Signs,2002,https://boxd.it/cQAqtp,3,,,2025-10-04
2026-01-27,All of Us Strangers,2023,https://boxd.it/cQAqlF,3.5,,,2025-10-05
2026-01-27,Rear Window,1954,https://boxd.it/cQAqlP,4,,,2025-10-05
2026-01-27,Lemony Snicket's A Series of Unfortunate Events,2004,https://boxd.it/cQAqsV,3.5,,,2025-10-05
2026-01-27,The Wind Rises,2013,https://boxd.it/cQAql1,5,,,2025-10-07
2026-01-27,The History of Sound,2025,https://boxd.it/cQAqlb,4,,,2025-10-07
2026-01-27,Spartacus,1960,https://boxd.it/cQAqll,3.5,,,2025-10-07
2026-01-27,Eyes Wide Shut,1999,https://boxd.it/cQAqlv,4.5,,,2025-10-07
2026-01-27,Real Steel,2011,https://boxd.it/cQAqkH,3.5,,,2025-10-08
2026-01-27,Very Happy Alexander,1968,https://boxd.it/cQAqkR,3.5,,,2025-10-08
2026-01-27,The Edge of Seventeen,2016,https://boxd.it/cQAqk3,3.5,,,2025-10-09
2026-01-27,Café de Flore,2011,https://boxd.it/cQAqkd,4,,,2025-10-09
2026-01-27,The Shape of Water,2017,https://boxd.it/cQAqkx,3.5,,,2025-10-09
2026-01-27,50/50,2011,https://boxd.it/cQAqjz,4,,,2025-10-10
2026-01-27,Masculin Féminin,1966,https://boxd.it/cQAqjT,4,,,2025-10-10
2026-01-27,Corpse Bride,2005,https://boxd.it/cQAqiB,5,,,2025-10-11
2026-01-27,Midnight in Paris,2011,https://boxd.it/cQAqiL,5,,,2025-10-11
2026-01-27,In the Mood for Love,2000,https://boxd.it/cQAqiV,5,,,2025-10-11
2026-01-27,Fallen Angels,1995,https://boxd.it/cQAqj5,4.5,,,2025-10-11
2026-01-27,Videodrome,1983,https://boxd.it/cQAqjp,3.5,,,2025-10-11
2026-01-27,"Alba, the wandering shadows",2015,https://boxd.it/cQAqih,4.5,,,2025-10-15
2026-01-27,Anemone,2025,https://boxd.it/cQAqir,4.5,,,2025-10-15
2026-01-27,Green Lantern,2011,https://boxd.it/cQAq9p,1.5,,,2025-10-16
2026-01-27,Bird Box Barcelona,2023,https://boxd.it/cQAq9z,1.5,,,2025-10-16
2026-01-27,Sausage Party,2016,https://boxd.it/cQAq9J,1.5,,,2025-10-16
2026-01-27,Fountain of Youth,2025,https://boxd.it/cQAq9T,2,,,2025-10-16
2026-01-27,A Minecraft Movie,2025,https://boxd.it/cQAqa3,2,,,2025-10-16
2026-01-27,McWalter,2025,https://boxd.it/cQAqdV,2,,,2025-10-16
2026-01-27,Through My Window: Across the Sea,2023,https://boxd.it/cQAqh9,1,,,2025-10-16
2026-01-27,Through My Window,2022,https://boxd.it/cQAqhj,1,,,2025-10-16
2026-01-27,Godard Mon Amour,2017,https://boxd.it/cQAqht,4,,,2025-10-16
2026-01-27,La Chinoise,1967,https://boxd.it/cQAqhN,3.5,,,2025-10-16
2026-01-27,Good Boy,2025,https://boxd.it/cQAq9f,4,,,2025-10-17
2026-01-27,Wild,2014,https://boxd.it/cQAq8V,3.5,,,2025-10-19
2026-01-27,Perfect Blue,1997,https://boxd.it/cQAq95,5,,,2025-10-19
2026-01-27,How to Train Your Dragon,2025,https://boxd.it/cQAq8r,3.5,,,2025-10-21
2026-01-27,Coraline,2009,https://boxd.it/cQAq8B,5,,,2025-10-21
2026-01-27,Dead Again,1991,https://boxd.it/cQAq8L,4,,,2025-10-21
2026-01-27,Donnie Darko,2001,https://boxd.it/cQAq87,5,,,2025-10-23
2026-01-27,Black Swan,2010,https://boxd.it/cQAq8h,4.5,,,2025-10-23
2026-01-27,A Big Bold Beautiful Journey,2025,https://boxd.it/cQAq7t,2.5,,,2025-10-26
2026-01-27,The Spiderwick Chronicles,2008,https://boxd.it/cQAq7D,3.5,,,2025-10-26
2026-01-27,The Water Horse,2007,https://boxd.it/cQAq7N,3.5,,,2025-10-26
2026-01-27,Whiplash,2014,https://boxd.it/cQAq7X,5,,,2025-10-26
2026-01-27,Requiem for a Dream,2000,https://boxd.it/cQAq7j,4.5,,,2025-10-31
2026-01-27,Jennifer's Body,2009,https://boxd.it/cQAq6F,3.5,,,2025-11-01
2026-01-27,The Village,2004,https://boxd.it/cQAq6P,4,,,2025-11-01
2026-01-27,The Cabin in the Woods,2011,https://boxd.it/cQAq6Z,3,,,2025-11-01
2026-01-27,Pink Floyd: Live at Pompeii,1972,https://boxd.it/cQAq5x,5,,,2025-11-02
2026-01-27,Taken 3,2014,https://boxd.it/cQAq6b,2.5,,,2025-11-02
2026-01-27,Taken 2,2012,https://boxd.it/cQAq6l,3,,,2025-11-02
2026-01-27,Don't Say a Word,2001,https://boxd.it/cQAq6v,3.5,,,2025-11-02
2026-01-27,Minority Report,2002,https://boxd.it/cQApYr,4,,,2025-11-03
2026-01-27,Prometheus,2012,https://boxd.it/cQApYB,3,,,2025-11-03
2026-01-27,Back to the Future,1985,https://boxd.it/cQApYV,5,,,2025-11-03
2026-01-27,Gladiator,2000,https://boxd.it/cQApZ5,5,,,2025-11-03
2026-01-27,Memoir of a Snail,2024,https://boxd.it/cQApXN,4.5,,,2025-11-08
2026-01-27,Flow,2024,https://boxd.it/cQApY7,3.5,,,2025-11-08
2026-01-27,Ratatouille,2007,https://boxd.it/cQApYh,5,,,2025-11-08
2026-01-27,Breathless,1960,https://boxd.it/cQApXD,4,,,2025-11-09
2026-01-27,Aftersun,2022,https://boxd.it/cQApWP,4,,,2025-11-10
2026-01-27,Portrait of a Lady on Fire,2019,https://boxd.it/cQApWZ,4.5,,,2025-11-10
2026-01-27,Nouvelle Vague,2025,https://boxd.it/cQApX9,4,,,2025-11-10
2026-01-27,The Christmas Dragon,2014,https://boxd.it/cQApWb,1,,,2025-11-11
2026-01-27,Red One,2024,https://boxd.it/cQApWl,2,,,2025-11-11
2026-01-27,Orpheus,1950,https://boxd.it/cQApWv,4.5,,,2025-11-11
2026-01-27,The Blood of a Poet,1932,https://boxd.it/cQApWF,3,,,2025-11-11
2026-01-27,Triangle,2009,https://boxd.it/cQApVH,4,,,2025-11-16
2026-01-27,One Battle After Another,2025,https://boxd.it/cQApVR,4.5,,,2025-11-16
2026-01-27,Dune: Part Two,2024,https://boxd.it/cQApW1,4.5,,,2025-11-16
2026-01-27,Insomnia,2002,https://boxd.it/cQApVn,3.5,,,2025-11-17
2026-01-27,Following,1998,https://boxd.it/cQApVd,4.5,,,2025-11-18
2026-01-27,EXmas,2023,https://boxd.it/cQApUT,2,,,2025-11-19
2026-01-27,Keeper,2025,https://boxd.it/cQApV3,2.5,,,2025-11-19
2026-01-27,Rabbits,2002,https://boxd.it/cQApUp,3.5,,,2025-11-25
2026-01-27,Inland Empire,2006,https://boxd.it/cQApUJ,4,,,2025-11-25
2026-01-27,Angel's Egg,1985,https://boxd.it/cQApTL,5,,,2025-11-28
2026-01-27,The Worst Person in the World,2021,https://boxd.it/cQApPz,3.5,,,2025-12-07
2026-01-27,Home Alone,1990,https://boxd.it/cQApPJ,4,,,2025-12-07
2026-01-27,The Holdovers,2023,https://boxd.it/cQApP5,4.5,,,2025-12-26
2026-01-27,It's a Wonderful Life,1946,https://boxd.it/cQApPf,5,,,2025-12-26
2026-01-27,Wake Up Dead Man,2025,https://boxd.it/cQApPp,4.5,,,2025-12-26
2026-01-27,Frankenstein,2025,https://boxd.it/cQApOB,4.5,,,2026-01-06
2026-01-27,Dracula,2025,https://boxd.it/cQApOV,3,,,2026-01-06
2026-01-27,Gladiator II,2024,https://boxd.it/cQApNN,2.5,,,2026-01-16
2026-01-27,Deadpool,2016,https://boxd.it/cQApNX,3,,,2026-01-16
2026-01-27,Glass Onion,2022,https://boxd.it/cQApOh,4,,,2026-01-16
2026-01-27,Twin Peaks: Fire Walk with Me,1992,https://boxd.it/cQApOr,4,,,2026-01-16
2026-01-27,The Circle,2017,https://boxd.it/cQApNt,3,,,2026-01-17
2026-01-27,Snatch,2000,https://boxd.it/cQApND,4,,,2026-01-17
2026-01-27,Twin Peaks: The Missing Pieces,2014,https://boxd.it/cQApMP,3.5,,,2026-01-18
2026-01-27,Gone Girl,2014,https://boxd.it/cQApMZ,4.5,,,2026-01-18
2026-01-27,The Game,1997,https://boxd.it/cQApN9,4.5,,,2026-01-18
2026-01-27,"O Brother, Where Art Thou?",2000,https://boxd.it/cQApMb,4,,,2026-01-19
2026-01-27,The Ritual,2017,https://boxd.it/cQApMl,3.5,,,2026-01-19
2026-01-27,Fantastic Beasts: The Secrets of Dumbledore,2022,https://boxd.it/cQApMv,3.5,,,2026-01-19
2026-01-27,The Big Lebowski,1998,https://boxd.it/cQApMF,4,,,2026-01-19
2026-01-27,Beetlejuice,1988,https://boxd.it/cQApM1,4.5,,,2026-01-20
2026-01-27,Beetlejuice Beetlejuice,2024,https://boxd.it/cQApLR,3.5,,,2026-01-21
2026-01-27,Gattaca,1997,https://boxd.it/cQApLx,4.5,,,2026-01-22
2026-01-27,Paprika,2006,https://boxd.it/cQApLH,4,,,2026-01-22
2026-01-27,A Clockwork Orange,1971,https://boxd.it/cQApLn,4,,,2026-01-23
